transaction_hash,transaction_index,block_hash,block_number,cumulative_gas_used,gas_used,contract_address,root,status
0x0f3d1a7ac9a722d91e7c9c7433f10cb57396be70c6f514c69528eb0ff76eff68,0,0x4e436656f8c9bba750c488b3c6644acf525eb107adf1bc207c79383656517c62,104,21000,21000,,,1
0x198d2569707ce036f2cebeb394cf8fe52034faed1d4b11b8768f5f1dfd3b68c0,0,0x5f90bd295acc1559b08a9c60bc3f27988a3ea3adaf2279b2b6a8545809a9238e,219,337519,337519,0xb6f97f36f6d8797814ec214c85432461fae41eb8,,1
0x0b29f9f403939a88179c1ec0623c5503a72da31c8614a591450639be5036b829,0,0xf596fa7b8978830ddea0ac30f511e5e8aa253405a5d02474a2ce92081f810459,109,21000,21000,,,1
0x3280ad8a2a0d6d86d58599ca886b62511f69392ecee6a083f9141abba53ff918,0,0x302d4d688383092bf953c8f1eb9d38ac733fc93af712bfeb3545298ac8e51418,227,337519,337519,0xebc32ae4422310e73d48b73aee26d7752b1df5a9,,1
0xb34781ee70aa37b40d714b140c462ca5e5387137e1cd59bd462d35dab4b9a809,0,0x1ff529be7b958181ce8047c047468c736e85ff0a82be32606b6d6bc05324bce6,125,21000,21000,,,1
0x0e02eff263cb7b4b32d9a10f8e7c03a04292d2e70ff5f98876918b3036928b5a,0,0x991a2c3c409b9262dae0feb6070eec7491559689a92dbc5f9e1db2ffda4ddd85,27,21000,21000,,,1
0x374619c169d4ecd4848e1e1167bb21cc0f42586064f36a130641e18c499ee7b2,0,0xc09ff25eee408f254d2a0e3b57ea0e6ba6ac988fb243b3db171d709cbba6541d,138,21000,21000,,,1
0x5ffdea8f0e00ae270c575cb6a7fb669562c0853ab6bf9f6ad3a19768168e8172,0,0xc2f3607908f7c4d68f17d246ef822a0ad7711a342441fd648a19cf3fc20eece9,145,21000,21000,,,1
0x566c4310c1cdbcc6c1de03a27e3321aab9df05f311f29fa14ffe9f8779f3b222,0,0x11b5a5fd8b0f80e159fd8207336ddc431027a55512fbb2ea55b1fb3e5da37faf,158,21000,21000,,,1
0xa30f884e825feb372da7c85646605a6b2df63003e4a2b6ffa51ef5bece9d99db,0,0x2d3657896946b0039a410679b7118879d730bf9c1f3632b7da61950034b80a85,60,21000,21000,,,1
0x70045afc4bd46014ccddca342e46bfc5443ce78f881bea9cbd0d2971b9f1bf3b,1,0x2d3657896946b0039a410679b7118879d730bf9c1f3632b7da61950034b80a85,60,42000,21000,,,1
0xd6aec0de6adf637020a8071578cf2140542e5f814f81dcd76b11bfe2d3394e5a,0,0x9860378c552c0c82d17833c09beaeb6fdb406ee1fadfe4c5f73eaccbb9b5bc8b,160,21000,21000,,,1
0x3a294abdd24336c5143346d2e6adf05fa80dc85e97f1205212081263eb49a209,0,0xfa15696e361a49ff8ff012c0d961824067eb721a0d3d7be104f21c14db8eabde,166,21000,21000,,,1
0x1948899d3fecf0888f2fd7496c187672ffe83bc7d1cb772d3bc1b425645e9c0b,0,0x301bf9b6fed3d60c7bbf987afeca51d64e5e444ca948aa099336766fcfd20d99,173,21000,21000,,,1
0x64da674675422c9dd73c7ec49f58454cb2d065b11b2a55dea13fd8866a556e91,0,0x863d32e1fef1ffd004cb889907cc3db40fe9c395c17d22624592028f90cd0a17,76,21000,21000,,,1
0x156a620884a2952fea91fc59e32f7bfdeb3f088557e0aab3bc995f8c2f200ab5,1,0x863d32e1fef1ffd004cb889907cc3db40fe9c395c17d22624592028f90cd0a17,76,42000,21000,,,1
0x34d7d1faaae6796067f60ed1b1fca5037e9053e0452a059e4e628f07743ae476,0,0xa518ca2dc58e8f9b2873d367da5b041a7e261e4a7b67a467651cfdaab7aff1bd,89,21000,21000,,,1
0x58734e6074711bc45a18dd757ee74685a4c2d1807c14f0fd323fa42ca3fe02eb,0,0x9215a6a52cffbda23c5e6b39813d1a85bbed1a254550b5f5a0783c690247bfe3,96,21000,21000,,,1
0xc4d795786060bfb83c7b584b87d7a2b51597964ae6975517dbf3c9d669263509,0,0xaa6afda34bc5deeed5c2653c92169c8afcd57ccfbfd1a0a9acca88a4c468f251,508,64071,64071,,,1
0xd50599da56dd2af1ba01a966c783aba2391b91d2f6d29f6d014c327e0dbbe8e6,0,0x8669b5193984fb62bedeec1d96d2773af9dc8ee12b7468b7f4029789ae160f4c,521,49071,49071,,,1
0x32ce58d8a2c4ebbea8c6a5c8126081f9a9a0aa842c48e8c5e893c413b52c6c50,0,0x96e18ac4fba3063ca6ff5aef65c67107e5bbf9ade9a439c4b39f671a7851e8a6,526,49071,49071,,,1
0xf50a8eb35bbda6cf448d1e80f3d914bb52ce4fb34081bf5381c243e52c7653fa,0,0xa351748f631847cb1f83a6cd18c98259e97b976dbcd231ad5d2ea026814c45be,619,527525,527525,,,1
0xe5ed4b805db03e6fa0a767e3e48419da54722e078bea0d79672a96554d6e5e00,0,0xfaa2fe6ce2303ecb9bae66d775e505471d2ecc7a295d10432d3130f6b11af84f,540,49071,49071,,,1
0x6f716df337244ff6b5ffb30dc0f4f1356bd92189a1e2e4b8b6289c0c7bee211c,0,0xe74e6dbbb1ed86ae065c483afbe773967c7994e4dc424ad4c6749cdcf795094f,557,44061,44061,,,1
0xcf35c9fde0e6e306b17078bb0ebf2ad1ec2763a283bf0166ea48134d012eacd9,0,0x7a2ed68cc1fa3cfbacf45f24207040a3a2e872954e35c16d5eebdfe9d2159f1d,568,654693,654693,0x6d2d1ced74e4fad7508a842017eaf5f93f63931b,,1
0x5920828c9d22e74967bb4a26bccd033034f6ed8c6d93366bb4104c77d78e6571,0,0xded61743a9ca9a512bf7b1a4b61e3bc1ebb61412e934534cdf91e7c9419992e8,1101,512537,512537,,,1
0x9c2841d7268e86d6dcbf1f56e66df0f79c5ed6e6fbb8b088c3b53f47c5f94547,0,0xf485b32ff5e4f0c9ea4386b9f03d2b3fb8c6f21eb9b5342307f0969f1d04825a,1107,512537,512537,,,1
0x01c4c62f973bc174a66900a5d6a469b2b3d8abe436fd1f4bf22bcd3bc1ca310f,0,0x2dac2d07679d7e432cb34e1fe0dbdcb0a68f136e19e74d504137417439445ebd,1173,512537,512537,,,1
0x7488e1804a8c10da91f6eb6cf172f6a8d7170ba44ff469349cde8c34316868df,0,0xd84afff9afcdeea97dc68147071f7a0183bc8ad5233932398a1e93caa5f3fd44,1186,512537,512537,,,1
0x2fd2c031933ae743d18c49e4d752d4e3ced8e6d98bd25a099c90155eec0f2b21,0,0x78e84a2e32a2f05eac9b49cb0c5665c91e83a08b56ca72f4e2841cf172baa7bf,1500,557999,557999,,,1
0xa5ccc2561aefc888f533adc3aa1593587ef10fc6dd76945bb7a9c8ba9cb69609,0,0xa4a9ee8930b55afeae867fbbaccf16fe3821208120fcbaea8f659d55d3a6fbbf,1556,543011,543011,,,1
0xecac082a135d1e0bbb3dd1325ac4c05437a1f27cc4cf5f45a054429d2524fa9d,0,0xec985642c769553538f1c8a467e4724ac9cc890c350a737d72c9fe6cc9db9eae,1610,543011,543011,,,1
0xd2400a7c00043350c9c8a625d01b03b177e75ac9fa7132b2671a3c9df0e757b5,0,0xf39590c9d30902b6c6ba2538130ae72eb8dfcdc738a5e89db5eac23901b22a10,1275,512537,512537,,,1
0x3f614945a970be6468e074989e45b4ccf2fa065c18345145c4be6bd8b692bd98,0,0xf50beca53612252c1e22b7822223771351ec802b76d340ec05ced0287c630e94,1485,687502,687502,0x4e2e9e62b4f1671ef45b36ea9d2c430e8f3c8fed,,1
0xa600bff27fc37772209ab003492545ac55f3b633549a172e8206aa04b188bee6,0,0xb6c3e7be17f6ae78bbb4640944a28202334aeb4f513029cd67e9a82c20fd477e,1284,512537,512537,,,1
0x07f7682f79f53d08230afe69ecf133325ccfc080ef52d1aa9aff2281f6cef9d1,0,0xb633cf96e211aa7bf3c45e7884a58612bfb670b9692bdd2f71db042637319658,1299,512537,512537,,,1
0x647afd9fb0eca764b82f59eaffb8e1adef1eefe16066256a4275ef4c560e66c7,0,0xc9bf0d9d822b39fdf36ca4ea5c74e9a1e1fce10865346a8fa61d527a95290260,1636,542999,542999,,,1
0xb7315b26d563c01d4bbacc029297b04c0ae370032ac4fa9bd4dc923bcd81ab01,0,0xe957eb605eeba13206b708b2dbfe3a15e8bfa5dc0d9df566ab2011101e4ac77b,1676,63937,63937,,,1
0xd818bfcd267c048236b5fc26a43028b87606603368e228b40e648146118e8092,0,0x1cc194a124287a64271968fc3588c1d6bc3774c3d3fdf62e17151e6127ee4180,1705,29737,29737,,,1
0x99b07925cd4b44dc6573eee3b95bec626f7bfc2b3576dc239344f3802d33010c,0,0x603a5138cd29589c081b81ebc37774798c16e8a8f456489443077948c213f958,1686,48937,48937,,,1
0x7421754c5d67725cd7910be18c00ee3bd96acdafd46405043899fb6e9092bbe4,0,0x7a55db29bb9c857cab4b7a31c293569c8714635b2a751255d9cf49e11c77a53b,1694,48937,48937,,,1
0xd905bba1a9c2e7c1a5fc77e4c5e62e1ee5df8960696b28b1f6023e3a1ba2036a,0,0x9565c96da9e89c70967af6f5b61183b343cd8215f53a6d32af6f54c18f817463,1743,29737,29737,,,1
0x1499f1444384eca0c9e82c42db97fda7844b666dcd68fc1250dab1cbd4664658,0,0x363856073b2baa1f49ad7a79cc8f6e852c347e3009affa4e00f808a3c8cd21ff,1758,29737,29737,,,1
0xafa113087c4f82642260301d441d1e864e162c0399823da2cb19e02998d993eb,0,0xe6081ca58be125ccf2b8f285540fc648ad68d9833a2f70f5772813587eae5ecc,1766,29737,29737,,,1
0x791b9ef72f0c0bb84b23ce6aa97a84a89ca66722911bb69bdaa920abdbeba9ea,0,0x9017f246eb1b200180de0eb732394c1e0e1bd9a4f6f283a578a05dbd96c94294,1778,63937,63937,,,1
0x63dbd39a1d68d2e36e4c31e3c6e8ff682984402b88099c850ba3074a87211e1e,0,0x7c747e6e404bfb2277f043919fa5f260a872177b26f391e5512396915a2b29b4,1794,21000,21000,,,1
0x98c6bc082b30baf10cd466a363051f1c79e8731b745a368278b1a699ac407e06,0,0xfca67b52eade04e30f6ee414467a4cfcef6501fe5132758a132cc6debc451bc1,1799,542999,542999,,,1
0x2366800a31e337f231cc29bf57ac127649d9787e9531792d4e14485d36cf4f2a,0,0x8bc5de00d2654d7e057f0bf83456f3bc352565ec1159d2c3887320934f763f88,1808,63937,63937,,,1
0x92783ba943afad607a218ff2ff5a221861824235cb07c3d5fc9ebf39f7d8b2e8,0,0x44a4a9796fdbfbb3a9d6897749b131035c667e19a9210357673fbebe22110504,2502,63937,63937,,,1
0x72d6bd25db817604eca9ab9881fafc8c69ce0d9c8ece0682aab0689c1fbabf8f,0,0xacabdf5a11a31462acba020f40a1d5967cf1caa1bb7027bf8a80716c39e6fd02,2510,542999,542999,,,1
0x684fe53dfa6675cbfb25f01891b2c69237e8de1f8642c4d9f35fb7b50f149600,0,0x7e95a92405c454afeefbe90b9baf9ca19b6eeeebcfbd805bcd90a4fe9bc1c152,2419,542999,542999,,,1
0x924f9e322c433cb75340eb2c164c6955d4fc21ac6d324aa18ae89cb0f6faf33e,0,0x4af8cd23b8389a1dc975de128ebbfd061f6e65dbbd443a3e92d9396edfe43403,2707,110594,110594,,,1
0x0c638c344ecbd41970edfaffc4140c42f2e98adc877f2a517181e87ee88e629a,0,0x7380ec463379cb02b5878502eab933f1364fbdc62bae28436b87306b481b8c6e,2645,63937,63937,,,1
0x0595e3096394f2e60ce43f19df8c7f663d74bfc3eb534db6716460e40ae0d50a,0,0x1595a1a91b1eb302cf156693d8f1292bc8cb5bc7f57f41530a4a64f57d6bfd61,2564,63937,63937,,,1
0x77798e71176574a448eac8d3478d78d704d3d67c19e0ce78b80fa8aaedf8291d,0,0xeb92fceac8ded7c0a9c687dc3f7bd609e3801c95748ad16837ac9ea3f8f7d383,2785,95798,95798,,,1
0xa7ddc4e3b1540d6138cb8c5da96a87d269493c9e00b58c80ef56f95966178a8b,0,0x98baf22fb2b13c80914a30253faa3e023b769ccc332db8be7f87fffdbda5b314,3103,63959,63959,,,1
0xb8cae3ca23765c4b2f3e019a978d90b7aad30d4dbb347dde5ac2fddee2833069,0,0x3b30218ecdfeeaa566b060040df03bd0d2283a643705efb699f6737a9c732fab,3109,110640,110640,,,1
0x940908674c184a3f3a093e575fa1851c9d20f09076010f27bc8908b4c7e11d16,0,0x484be41f414d95fef339d40e252cda35b5691012ce8659431ecc8f133edd2900,3047,95678,95678,,,1
0x153e43ebdda464423fbc6630bb08d1f981aaa0f5a4f675309de9035530c1428b,0,0x115238ebc13bdc37393f0a7c7d1773ad5ed1aea4c03388fece244753f6aade74,2875,95630,95630,,,1
0xef7852365d5a786b441f95d96a1f3fbd9ea7b26bf997c52a48eeac4de56fab4d,0,0x6b42f061aeb037103f3f28b326560eacd9f276e27429606f6c88bcd7b27d6b9c,2888,110618,110618,,,1
0xabc0f676f731eb84ddab9861f0eae2668cb839522c819aeecca64df66881c8e3,0,0xa02bfb9bb65f77d9247cafffc79aaf6bc15a3d1cde4a8ff430e3360ff47b45d4,3092,695267,695267,0x6193a0c9d1d4f6095197aec03d3053749d0ad5f8,,1
0x638670ad50bbbb22fe00799acb2fa509941ca51b55c53295bb8d13837485471b,0,0x43af3f5020fcb184bd456bf2510c9edc705fc18aaf72a510da382e08aa1158f0,3098,565211,565211,,,1
0x30269c4c44cfa04d8b290322b78c62c8597eea5040e1f7a1f0b47e74ea4243f0,0,0xd22b565aeb5f4c59ea8a5fd524268a60bf3c21c77c29aec0cb7a5f1958718c6e,3382,66199,66199,,,1
0xb3265e38eb8a355e7bbeb7128349843af90c332dbed53eeceb5bd952a6bcf4ad,0,0x81829f9ca53175efcce7397cf1faacc1101027cc6f141a6523ee011a2ab38b05,3503,66007,66007,,,1
0xb4b8043064b480de13bc8d539b593b0bebb6706ee4c8e2751c37d496b3bc333e,1,0x81829f9ca53175efcce7397cf1faacc1101027cc6f141a6523ee011a2ab38b05,3503,91932,25925,,,0
0x0cdaaceaafdd99eac8b1ca520e05e410502bf1020e959243d03a78e6e28b23d6,0,0xfecc1587487e2173a1f465d1a713987910e3aa98fac00b0a09f1a4e4c8be413a,3482,550211,550211,,,1
0xea8c1f1eefb97141e35ca3d2f54840e0aea5d87a59499807aa342c034e81e8b0,0,0xea60c88de84b702061f14ebdafba7266c1210fbfcac6c57d388263ec00d7ad4f,3485,63959,63959,,,1
0x7b769e7dcf1f2aaa824be49e263b87dcc534dd88f15b4aba6eb56a2e024fd2bb,0,0x95ce68a1c547669df418a82c3f32e393a67299d8f73b2371b972bf742ec51910,3610,550211,550211,,,1
0xbd8108b005e7c0883131fa317c66321d3024ec44309a1b3ba08068b32ddcd213,0,0xeac35d49928814bc5755c54c65e30e7306201e3d74116f1df15e4c6e13adf2e1,3519,550211,550211,,,1
0x195d4c849fd23cd3d422ebb144aa1e19aa8883e51dbb50d1e75349a9161c83ee,0,0x86715ff2fa844de856d16471d319f59eb66f4c2831d2fb045f60447aea196c5b,3615,63959,63959,,,1
0x2dd05738748c88d7a30cadfbafcae4430845f55aeafd8669e9e5119972ee8777,0,0xac47d6128836ba08e37e8bbd4fbf97cf053f4e1be30a14706b0fc3eea6225c07,3617,48959,48959,,,1
0xef17439e647ee2053c24d3fc5d8290e1aebc8f2af47fbc15dc60597370fa276d,0,0x498d56c451dafffa47d436bc985ed154e75419b665fa6c66d2c342830f1484b9,3495,110640,110640,,,1
0xf0232bae1ec7b9cd325baeaaeaced124b11c487b4fb5f44c51568d15143e3797,0,0x0236351e037ecb26516d3ae7a570a7287bca8bb38156755ac6a7f9c255bbc407,3524,63959,63959,,,1
0x052fdfde5fad926e0ba12e483d702bc45cb024036424ef191fc26a8455a7a1d5,0,0x258ebe9c23a126bb9ecf5b1cc67b91141f4543bfda846c12669b6487e5d28edb,3620,48959,48959,,,1
0x9bd642f2bb33c107f8915e36705a13572de6507a8b22b5f63b958429f4a9e05e,0,0x850727dbe540ecdcd42fe4ebd701e3c413994e8511e164ee9e997b5839e40a84,3497,66199,66199,,,1
0x65284da14d5657d337ddb1c7e4029880221f9684f8995e49b655c01c9cbe0283,0,0xcb491c1470729d798a7b8bae0f28e02a4e0e1cbe9689b6d2964d988a80f85b29,3527,48959,48959,,,1
0xdef1ef4eadd3cc57b4b92481eca15be2897dc0a2bfc79fc34dd7412f35583588,0,0x7914f86171877af38721d50a8ee943e3b768af526b8e7d2e86c0767748947fa5,3624,48959,48959,,,1
0x78b5a7e40069ac252f65448260f3db2030ef3e1027121c6fe977eec3573f7c09,0,0x8ba6083d7ed974d64a04460770e7d592e861a1ae0e95a6f00dec5ed66b966e84,3534,110640,110640,,,1
0x063bacf41ec795589c0d12fdf6342a7b8cebec4d0ba2b2dd2d2c24511392ef0b,0,0x022b4e57a8e6557cbbb9984327eb54433fdb74795c93c38957a547a4b22a6e0b,3535,66199,66199,,,1
0x7c4f89abf9b426eea6681dd674c0a09a07614512bc334cd00e3092ff4d1d4ac5,0,0x5466d2300506ae8c76f65d81eafb5c95e38d72bb0800325f6768d58d77e3890a,3538,51199,51199,,,1
0xc4aed2fa7edba7cb0775c0d6fd3947349723fbc88c92b380f8896a672068f9e7,0,0xc5fd1493c678ed2a6a6961bb19d36e616e26f1ba4561fa86a09e49ce2a803da2,3540,41007,41007,,,1
0x1a8d58849162f3ee2035a0804657ed98597884f89af545826967f55cfafdef0c,0,0x5e9abaa1f95f0e1b67a0ec8826bf665ad0faafbdd91f65a4a4c223eac8098044,3635,110688,110688,,,1
0xf11a0f5613fbf0ab040b6fbfa5b3d5c8475edc57533bce5f04df9d40114bee0f,0,0xab46e72b78dbb8cc3d21457b69a5f532cbc598a6bff7121351db970b183e360a,3647,66199,66199,,,1
0x66ed0533b80cd84d542519fd54c95eb07b0b285152367bf6222e2aadb1d31dc3,0,0x3a116e36461a4bf72db9cd84d6c4fa988cf320940f81e732bd8a1c64b05f1dd7,3811,51199,51199,,,1
0xa365bd06b2d1bae73db7a6ec095426d54747650f99a158ccf2c8e12a1dbdd48e,0,0x57f240ebd4160d4331ca9492f4cfc6c9780ef416c3d3b86164a30e77538b01ef,3814,51199,51199,,,1
0x56588fa9bc4475df9713e9d5425b056bbca589cd172154cab4898e237ad79dcc,0,0xc7bdafc3aef27cc93a96a8656b8472dbc8b391e33cf85d38b679a9265b1a111c,3906,191943,191943,0x47f2f1cef3440d616e55e186e5ad7893819d0dc0,,1
0xaea1cbade39f6c470020c2d4367fffb0aa68fb0edfd81f13f3373fc5b0652ac4,0,0x6a94c6760ba50781aac2b6f9a37986ed49714170ebe7ad4c36247321fc45c3e7,3907,42338,42338,,,1
0x7d5f756e9d9f23be71fad181b94920cdb834efdb639c7d5f4d6501c4bbc5fcf0,0,0xcf1eef6380178d707a622251b6b6b5eedcdf96f0018f1538662651a2eb66fdc4,3908,203827,203827,0xa6c9fd4e31cbb2ff5229f5f74e36c8acfe9aa5aa,,1
0x1565b83d33d1ce2a3ed91520827720a5c33c8de59d2405c36c9f10b38cb2dde8,0,0x2155d4422dbd04799ff65cb256b4812157c717a557ff37f24a183b87b0afec18,3909,27338,27338,,,1
0xa412638b1bf52aee920cd462d67608f1a14a15d5168135c11bcd1e1c90c9a16e,0,0x58d6946ad099d0e7e5b668ec11fa41469ad248058d931e8f4dfda74c268d1958,3834,51199,51199,,,1
0x9a0765504e4bf33b479d500fca0a6cdd4329ece6bcb6571cdfb45655ccf0f447,0,0xe59797045e9978dfb09c70d8361dc7998794604f269726fe55096a957338bd57,3841,41007,41007,,,1
0x9d5e65771d2ab0a8b452c8aff40a93cbb324bc08c86460ad5802c1d7d32eb477,0,0x8a6bcb468618148c076552bcf28ce0499a89809ca695d37b13d83c43afe7f940,3854,95640,95640,,,1
0x499cbbfcc207ee6de1e3b61b402068bd8ee52c00c9c540d755962cd326bbd611,0,0x84e9bbafe46b8b6e37757ae6fc5e08a3537d3165ffea521a622ad76910c8621d,3947,191943,191943,0x7a3298dd9cb22ec3e7025589a8aa0fbd4c7b9bb8,,1
0xb5825052712b15756b96bdffddbf59d50c62d155f1ecfd18ef24f7efd95e109f,0,0x78c85a1e94a70fd35943438a364062105c96e129849fde01e40d3245a9b148d1,3948,42338,42338,,,1
0xa2eaa561bc866751c6d13c515d292fb8059ffb1dd513dd3414874ed63685ea32,0,0x126b6a2309a827bc58d76a15d9d81c3082ddaec7647af553a57cf44a762acffa,3862,66211,66211,,,1
0x28db80acfc11d73a76f8fe83a40c49caf4604739520e0ccb0659dc16ac2aa3fc,0,0xcdf306e1633d49d780000e63863c890b5cd6714f3c29f4e23f7ae9177b44deb3,3949,203827,203827,0x07a18a89b530dd838f7e2c4a5981572bf4391e6f,,1
0x2341c9e24b6a0d18a9cc7481ab2753a95ac182d30b9834e8b733544229c9accb,0,0x04302cea73030444433472600991bafb805b7a6f99af2914eb245547755e7a83,3864,51211,51211,,,1
0x2f343a1780a0c0262faad9024ee3ea790b76a42b6b1ac1a815398c496e7fb084,0,0x29da71dbcb9ea8b78899f2c9198de281a9a422338166af86e5ecfd850c4aa108,3950,27338,27338,,,1
0x8b746d708bdafe327839e906c35e25d4ccff91b564c4cab2dcea5c64ac8cf834,0,0x1bbd7d136f08cf520c341f7486214b463456c411e11ef21909e6ba37b9dc2aa9,3867,51211,51211,,,1
0xce03127f3928f29249075d415ec0c48cb39342041d1de0083241cd1a761e21ab,0,0x9c0815c24b992e5ca26aa388ebaeadb45360c4fe2b0534e4c6ba01f819e448a9,3870,51211,51211,,,1
0x0d3add747e9f371770131724fdad994536f6ec1538672787939c3b7b83e6358d,0,0xf2dc134cf9c90af7a7488833fd5ed266c19960ec97020fcb73e533f01dd5e99a,3873,41019,41019,,,1
0xc67221ac5f6181c9deb624050c22bc5c8d038d90f907c90c8d2cd78011f8b078,0,0x2488847175a3d65920ff102deaecaa45e8db20e63090e976fd9144e71b63bbc1,3890,48959,48959,,,1
0xdd670a62debcd25502d09a6d04f1b8858e207f4244d819b61d6bebc8dd76ffa6,0,0xca21177c814c4b002679d6aa51dcae5a5af1ceb88555f1a5b4a05b66c552f63c,3895,51199,51199,,,1
0x90116cd6b8b8eb4117e6239752091b97f8e4dad1b75bbf6f7e5c0d9c3b0e98ed,0,0xf2174041ca2137c4d061816bdbc941870b01a7417cd3b7068e6e8c991e20bd9c,3898,41007,41007,,,1
0x4cfb550a3f0d2f55ffce22ee4eb0dfaa27b09d70f7faba8c2bf4d04f41aea119,0,0x345301d31be2f6b0f5a09111849b6938191f282167b76ca45daf5858fb72c929,4046,164391,164391,0x6f5905453fc730bd3b417341a3e424fd09f583df,,1
0xd511a3b8917ffd4a111681c4caf6245bfc9d7245c6012d1d34047ef12e3719db,0,0x6f5aa4286d1b07526df419328e7203f9dbedf1f68431b0f709be26ecef400331,4047,42341,42341,,,1
0xe11118f8775b0c8a994632d8a700514f94a7a375fb3ffba06daf50272f0b21f7,0,0x6b4a2965a7a0b0b3bb1c147927d099ab38d711b0a2e5c078dbbfa68997a9fa91,4100,126907,126907,0x6f485c8bf6fc43ea212e93bbf8ce046c7f1cb475,,1
0xe156e9a88c45e26342272384e611768748e8eccb1f0f96acf369f2c7d6a80d04,0,0x6b8650affba6b28e7a645a59fbe86c29185eb7be294d948764c190cc3e83c13a,4101,186995,186995,0x781f4536385cdf927bd2bc2de1d10eb1482669d6,,0
0x6826b80e32298bdaf6fc96f119165e49bb7800bb90ffb5d8e9316f1ba43e1ec0,1,0x6b8650affba6b28e7a645a59fbe86c29185eb7be294d948764c190cc3e83c13a,4101,215342,28347,,,1
0xfcc7705a62a0a370f497411aeeb493d53fa2c7bf8bc295a171c7832bd81aff55,0,0x1edefcdb9789608c05a9d8357a95b06602aab335c411fead9f440484e11c5351,4070,162788,162788,0xb7eab5895d92cabc49b8b25715a6d8cb3b4a3c30,,0
0x6b814b1a62838be211686da0ea8a8926ab22e93a50343f0ee97d77099ad6e7d6,0,0xa46163336c9c92098abdf0efb94e94b62bab6c3fb2389c59807f2406ebf6f416,4102,43369,43369,,,1
0xcb59fe2eb79ad5ac56c06cfb0cee834a07867f89611e599405da072d5cb3aefd,0,0xe2d16c3d7498679ee4a2b13ada6ac176fe6a45e88496c8040d69bcbb04b247b5,4103,1645106,1645106,,,1
0x5732ef687b45be85558c1b33b46a583c063d1071595fb422cf166f1c7302befa,0,0x0a27c7f2a3f367fba2847b06d0d7c6d0aedae784f52ee5b3caf369f52b5c9d1a,4200,1645106,1645106,,,1
0x1fd863b43e8084542b1abbf5ff1a5d9964fd7f4b4c10ba71139102e8de715de0,0,0x8cf1dc9dfa2fc6adf6479adee83aa99327717b7851c6962b77dfc8eb60c62903,4104,952209,952209,,,1
0xc30764cba13ab59f0e42fd5db959730151e775c0de56701af5fd55408f2f86f7,0,0xc03ce69ccf9b02661746684851f14baec20551676f547fefc530621ea34c901a,4201,952209,952209,,,1
0x6359af1ddf2a9df137e317b6c74b6ccfbb3101a535c3c6cf6bc34b385a75d16b,0,0xdd935104155e06f235ea8b68b46bf578db82e61e1154b155bc1b7675b7af0545,3969,42481,42481,,,1
0xf5999a08d0110d641596eff40d4b39c11e8c60b86eeefc0af2f8572954a2f630,0,0x03a7e3b8593bd4853fb7351ff624f28a4910990cc5d6a04df2aa1aa6e2e310eb,4207,2557383,2557383,0xf8af19ebe22557ed30de73418a432b02d5aba1ad,,1
0x1b89fb4579bf595df82887a5d4316ee8dc9d8d4e6d046fa5622a3f71780147fc,0,0xf3747f896fb4f98063c47a28e6a5c5429b7c7abda8ff58365f43dff30ded2c42,4208,29099,29099,,,1
0x223e7c2fb6400ae5a82b84db3587ee4f36a34e405ede893ed41628743d13c967,0,0xd5b8a680d0cf1539cc785cf559ccad7744133aa0a97da24f0089baccbf17d15a,3975,42481,42481,,,1
0x7b7ca07d2fa12dde1d11ac26af1c7e74658239fd9b5cf5301ba70862b6069309,0,0xec6f3ada56be075f9293ed13cb83c6ff0802967d61f9bb6555b84b71876b355a,4209,126907,126907,0x7a95fd4e7be59d1fdb280a180ff278ff482dde25,,1
0x2546f040f3fc3bf2be313d0b5936894e67927c16f3e04b7462487e9a83069f77,0,0x48e04694057263d5f0ff319e5ae691cb940801143c7049c68ea69a83b45734a3,4210,43369,43369,,,1
0x6268bd7979d73a7df150cfc47f3fca00e9d4b06c676a7f8722103b8d1ba60c04,0,0x910d3eb71b1b97c9bf833cbc551869556217d6e8fe806951f38fcbe2f12c1255,3977,42481,42481,,,1
0x21269e1338671402fb6cca81a327102272140d2d2bc6e5962ce093b28c074a82,0,0x936d3e474aedd3be2d183470dd12d3921f05b80da2722452551f75d6779b8be3,4211,1645106,1645106,,,1
0xafd0d7c2e7a241b00b16d697702b350743baa7ca6e5ab5181cc84d07896a9d04,0,0xc4eb3061e971a74fbb21f4417ee0e04ff36fb34d837a4bf3f906a54722650753,4212,952209,952209,,,1
0xda5584eb5ed1811f6b5a56e7e33369eb8ece9b85bf656b93355677a9531f0b74,0,0xc1e9e8abc804b40e00620b98435213b200e47dfe65c252e8174c07f2af3cb802,4097,2557383,2557383,0xa09f37c54938153c8f2939168ad95c49385b9d98,,1
0xcccc22a759c54a7cbfa91927c90d0c3cd6a46278f306be800fd2bc9557500de1,0,0xe72a740d80f866c08d60ab89deb54b779ba8ce18b16301af3ef21228f1bed598,4222,2557383,2557383,0x8c76ab2ccd2b62189fc341261a143d92d70f536b,,1
0x670ef8d890890a0253c8e9629c2066b05951e2777cfe881b85696a291a023e14,0,0x637b3643b0896843412f345fb00ecaa78f8be218bf4a7c39c0a54b7b003e2542,4098,29099,29099,,,1
0x650ecefc6314d34ed8011c5ce5879918ed5cadbd0e0476e2e80b92307486f7f6,0,0xe1a42ec0e08db63957917fc104944805b7a1c864f45379575ac470f591cce7ed,4223,29099,29099,,,1
0xcf67d6b9ca9070e2866eedbdb7faab832f90d21035f8418439ea503b8ff38250,0,0x23cfbade89ff540fb057ee986843f484a1ecedf5cc34bab94b34696804d6d54a,4224,126907,126907,0x232db004d0bfbeba492543c5bf2db82a8bbe1447,,1
0x23f1ede9bab3382c548d3f8bcabbcd60cf100624fa49f4732d2401de43539902,0,0x35703de2a775c22b1fd37f67b139d88aa4fd7060cb9fb7aac848f3f053642bb5,4099,21000,21000,,,1
0x0e1813edf1b4a5add39b82c4af553ff8711f7ee5909f2eec1f7117b2ba6a0005,0,0x156f4df7249249d11ab2ed5a0ac85f69d6f976ca2fcd35255daa9f77f917468a,4225,43369,43369,,,1
0x31cf6a535aaad2f770203a77b3513979d223fe1ab693cd6818a47c2ff350bbf0,0,0x60595769e10ffed5d62d4cb9a5bd126efa9332f48a694909ba96862668b4c344,4226,1645106,1645106,,,1
0xdb52b7549e698037d7cbec9d1822b9067400349cfa3f491f6b3f895b8df658f0,0,0x3e720967136cc43d887e0e09911dd7e3b89b4032b2bd36313a19c3e987571367,3994,204409,204409,0x33612eb6ceed0330afc510cdde14248fd074af0d,,1
0x9379999a405ecf45cd55cf32df0894a1f836290b3e14aa2c21c34d8dfc23b644,0,0x2f65c31a90b1b8ff632f92dde7e53b58d24140fdbab1a48f47a7dd37a4de5815,4141,2557383,2557383,0x976375ddc44d8abdab8595300528603b4c633f4f,,1
0x6f3cdb15217479b27eff8e22448c3b30c23b148701710539a18eb9d8e530b5a9,0,0x0ca19df066963452743996aa163e163d94db88d54ce6cd837a2945815f566aca,4227,952209,952209,,,1
0x10e1b933b7a4f8a89b07280eb6dd1ba63775fdcb13e31c743c1c6242173d497e,0,0xcdaae1e7e8e33b7a8257e11a89b1e76e372906298f85a8fac19dbf8edde148c8,3995,42275,42275,,,1
0x587d3ab20bbff7e4ff288b1d7b21e53fe0ead8762392499ff1e41d5a76d6c101,0,0x2bb1a542376f1886d081f36442df981d6fb2cd5f74deb6a5606b9e6883110a66,4142,29099,29099,,,1
0xf7445b429f34a021d4fcdc9c7af58b3a486bd365d6fab9c5fca907171243db1b,0,0xc73985b2201b247ee5b3a9af25f503519add225ca767131d13c757f0e6afffea,3996,162788,162788,0x8f717744cbd979952a146fec74ac834276fcda5b,,0
0x3ab8a10b176935dfd4619139514c651026642e847111a9a413ddede7dfa5ff32,0,0xdfba62f337213f70be93eb84431352c9e38f2f33e0a5dd33457f570ff32120bd,4143,126907,126907,0xed7e6719c48ac6a300ec46614f5389888a50c2f2,,1
0xcfbea7ac8bc3e0f67bce0c5ff46423fea772cbf71d03e3ca433c5cfc74d216c7,0,0x77eb974de0e9c606f61a9e06b8fb186b9f5743c5937543d259419457acff6155,4144,43369,43369,,,1
0xdafae2c936e72aa369c6b6d322935a4d20a132b3bfe7bead5281f7e766f980c0,0,0xc9880af4ea7311efffcab5bcfd4aa50f50dd832f46ca625a3947d61351b37062,4301,204409,204409,0x6bd240777a14be73801454f9c1cd11b66fddf20c,,1
0x6df55d574f9144e5cbb1f12da10cfffcc26afef5b111d8caa5311f83043b0d0b,0,0xfdc369f7961f10d12b72b8d2dbcaf064341802987a90a9488500cc223e2a2441,4145,1645106,1645106,,,1
0xda545b436ea52b045625c9c4561de1b8b215c215c04e5bab0eb1d291f5d5ca2e,0,0x432a3f60315c8aa1ea3e1171d32863b0b835035410387e17a701d75b5b9fc96e,4302,42275,42275,,,1
0xed9ca99537352274eaa5bee3fd3ce5b1857ab9824f7c446beca5d52de722ee46,0,0x92a7090be43fa7d1a87e1582a7c359cd29fa63d6dae97a201572d9ba3bf76ce1,4303,228282,228282,0xc7a1a824a93c5f05d816efaf09945685d0f5dbe1,,0
0x5610bb38301aa8410b3bc3aa94d9081b52c38d72fcd09cf7b8e8e247632abb18,0,0x50d28805f75c849bc641a3224459174908717f72ed29548873dc7d5865c59b6f,4146,952209,952209,,,1
0xe676b09e71847fc86f7ea3f40fe078b001806218c38824895ce7d72cbd853aa0,0,0x9d156936b344f4bd4f2547ca25ae7349b2e862de6bbe9a0125f69b4d38b0edbb,4156,2557383,2557383,0x97676419eac87aca077c1b1aacb99ff5ccf22e3b,,1
0x3a84aff008c8da0dc43e4252b762be172db1fd6a877ae29b06cd46b1b7e48990,0,0x39f4af76e5c8012c74254e586b31b494149d02832a3bb5bd56e8c69e69156296,4237,204409,204409,0x65b7ab2d71c6803d9d9bd2a2934216fa430f9708,,1
0x6d9f63e14e2b40421edd50f9094df9119ecf98045e3ed5eeaaf57e9aa08c0099,0,0x669e1e8cdf4fb822777b64d8652071fc66cc4cfa8959e477d8f31f512214259a,4238,42275,42275,,,1
0xda22ec7205fa3bb5113edf49b5351afab666958293da2618b86914de9a33234d,0,0xdf18e92fe3951bc51eef89ebd4e8636a5c9e59bf191a037395e26f808d56d678,4157,29099,29099,,,1
0x9ae9ef4f85cd49bb3f79ce169f69efc419ada37b9523cbb7458d22d2dc252ea0,0,0xc31207b7c25deda11b51feba919097b9d473726c225b84e3a51473245ddb422c,4239,228282,228282,0x1650c2608f0f003877ee535c6c1dcec6e86bde45,,0
0x7e4df673e7f20948099406dd6db3f170f2975c9255c41b192130afcdecbf61a2,0,0x42789d49a2cb45a4faabc738de1f5b2a92b0d587acda2d0cfd060d46145a78b6,4158,126907,126907,0x0e9ac309d9637c076730956b0c3c565bb270d0c3,,1
0x4045f2b42be57e2716b2293b93d6dba8f8377dc28a36e22139c85c44355d4cdf,0,0x663a09582062801e6e1c7a09aae6d5071bd31dc959ef6bf1a7d5735b90c7f6d7,4159,43369,43369,,,1
0xb07fc46a27aec5ae21434fa8909d8f72005cd4c57fedd47d74ef7cde309723a5,0,0x2ebf5142b61f95c109c1e7396c4355fb91e0c38b499c052e028cefe5fe42d633,4160,1645106,1645106,,,1
0xfa085afaeb85b254d187e920bb608bb0b3ab80ce5bb08998cc990e72c00631a4,0,0xd50d6541d3e13547ce6cabfa9e521d0f6b20748b141fa82df16fcfa8ecfa3d4f,4244,204409,204409,0x4dc6adf42452a7c4d3dc2cbb0b24500e77ffd400,,1
0x138c7281beee1ae2524689a48a0d5a0a9ea3fd731cae90fdd4a0859a49106125,0,0x49af7966ea3b1316b261d67aa087367ee0692756b74d713906effd24100a882c,4161,952209,952209,,,1
0x0c5dafeaeb9dd9885522bcb61187dcea9b1eed656a4356a6de9a3bcb263f407c,0,0x7f1fc8f388e4fc3ff0b726e734b8055b6f00645c54b7c3e93eaf04dea6b6aca4,4245,42275,42275,,,1
0x6a0aa7b74b33b6dab822fcdddc0275957cc8949701ee38c16e3d0e8fb8a65fe2,0,0xe1f3f081e20be995a3ec249f20f0669a7fd647f5808387899399f32c5ab6caa8,4246,228282,228282,0x24dd14d4e5cc90d1b66bd49ebf0a433a66520dda,,0
0x69984f7ca251ad5dc9a8f93f9a42666d475c0c9b726cb55bd1d7ef75f82877ba,0,0x4f7001575e0bef4c415c7b6c1b489985b8caf33cc2bab9696e5c9b66cd48aa0b,4350,204409,204409,0xa56befdb73ab292644bb5ad5ed42031620d82af0,,1
0x372a11fa1a3e74e707f14bd9cb2eaeeafaecbebff37cf1e575c18f46ab89916c,0,0x780f7ae4c5208e42752a5348613893d96598849b39a0b2573ddbfb1fb23ca240,4181,228282,228282,0xf469bb0465a342e43467dc204ef38580b9053799,,0
0x2e1ff0750b1bf886006506601c4a68c22abed5d2cfacf9135eb3ae2e293d0a17,0,0x67d1d8e1be4c18d216514fdd027d8535ffd0a6ad5eafe760e3ac5664168ec292,4351,42275,42275,,,1
0xa942a0cea837e149ff8a863bfde88098c6c78b23a34942c6c28120f7d0419c29,0,0x00a7f9cabc9ccbb863c7e14b841ed2238b43d27b3bc0af7981514836138a0117,4352,228282,228282,0x49f1117c98b279ff9e62e83ced207883b7a03844,,0
0xaa91e6c0e1be74c5778e55d0907bcae09eed8b9de0e0c728496b331b09d506f5,0,0x432fe4a90e748c5f94fbf5dcf5027b9ba1a771ba8c184712c88ba4472ddcb9e9,4196,2557383,2557383,0xedef15f0db1564861dadc8e0bd226f4070b50895,,1
0x41dbbc6d53d50d5f9c5c8baa6bd300dd73ec001fc3dde7a3562e5cb16bff6751,0,0xf6f4a7609141b89620f8ef13200346288a989493009c08ac53623126186ae91c,4197,29099,29099,,,1
0xd3c43c263cb656de89450481df1bbfa99d32c492b719fa81cdc4865a614bfb60,0,0xaba30273a5384984f6963fb23ff3e57d0366f3122a5d14e7d296b3674ac0905f,4198,126907,126907,0x3a391ac6b097f2cb05303f67ab1c6a40aa34b3e9,,1
0x1a3e18011d584ed5f0b0adf9d45ed024b27b3e6b92197a46a3af1ae396937673,0,0x75a2739c25d4a401a2b32d0dd178b0fad2eece7b21ef5436e11ba03dfd3c510e,4199,43369,43369,,,1
0x5104ec8bdea6b8ce28ceae1c1b52dd42c1b2d4fbe2aaf4bbaad71b4bbba9a056,0,0xef937ea851113d26418d7ddad6b4ffabb88736e40397ead141c71989038d40c5,4292,204409,204409,0x311533ce193216091658f328db20bef081b39389,,1
0x196b0f9692fb56e34483d6c708bf9f0c97b4e6c828ec9d2a16841b428c0623f9,0,0x7ba02409073f69051b0db63afd98a3be7d7cef00b0595fbf017b38d39a9e64d2,4293,42275,42275,,,1
0x835332d5aa2ada33a93e94221ffbaa0c5b985421e0da91a7a200a4cf4b301974,0,0x31b0b466aa645a46b79c015a9cb7db1096b957e0d59343b1427fd17d479db2e0,4294,228282,228282,0x3c0e6c14abf8d3785aa80d68318eff12786698f7,,0
0xb2bbe7c82f138c3b78eb07dd1084cb11c1d8d891a112c1ac1abf7115943c15ee,0,0x22a06d184ce56a8ca501ac58fa5803f4850226ee4e37b2d3845c9c64a3574028,4452,204409,204409,0x54aefb4ae63d0cf1bcf548026022d8f1f66da522,,1
0xe7bc1fdd3f4040a921e192860e83a63daaeefba315e0f649fb98987a5329d719,0,0x5da68be43fa596d6d823c8f9f814c46ba1401a3df4b5e764e26618b9deed15d2,4453,42275,42275,,,1
0xab34903ad58c80abcac8b6b655660de1917381fb10722888fac0ab6f63dfc012,0,0xfad6121f4a28c304eda98d2cb4b0f564d799c7ca2e02a58897c9c0aa2b291a05,4454,228282,228282,0xecf3073aa748a3be8f66309c847a1f294d4932ad,,0
0x65115dbfa8c1fdb8ed4f77a09c24bfec5254114ee88f7c96ddea1d9494f17b0f,0,0x8bf1949013bccaf7ea0cb4e581d0f3032b216499701ad95535fe9aa919fa2441,4613,204409,204409,0xe8eaaa9b912c7b3bcd5deb31a6de8ed2b6512905,,1
0xab8f7d3530a9fd2b49b1db9b5ac908db7cffe60a308d7045efe89aa439e05452,0,0xc55acaad8fee2d32beaf2cf34ff029ed59d1a9455e4c7b486097b71cc2268979,4614,42275,42275,,,1
0x769805e4f06182fa74e837fda3a5fce2b343e5d74034ea0b5069c1abc4c98608,0,0xe16c1c876736418dae4ee20a1c10879d52ffe4fea5aeb1352f5a43d918959d1c,4615,230752,230752,0xf45689f85eb8a1383c3e5b56e834fd1925d03444,,0
0x6e7345b50aa0ead959120bbc2c91057bb30193bdb6a68f0ac7281b2813920144,0,0x5fc9ff3bacc044191d6d539f013a18cad175f824b2af96757d9a2b061495f5c6,4924,230752,230752,0x5be432810e25cf865eda78e7852126dd88d72eca,,0
0x9696d1bcaa469e4857ea6f81a842f7832aecb066f9b2f4c9b87d0f14306f287d,0,0xaafba1ac3ff1b80136e8cccb5cf8b9bef494eb249684f219610c454ac7dfeea5,4950,105327,105327,0x50ff53d1f51cbc6346035f70204adb4afe221056,,1
0xa7305701595297750d912f47def4dbb37d23f6ce097b6829d37e808756bceabc,0,0x518c3161f35b0e31d02b25c9e48f916d3c2610e476ef9d86baf6ab13789e36dc,4951,27275,27275,,,1
0xb7178d209ceef188c288e9cfca2366d4a4b4c72f50a6b7032093767de767de27,0,0x0e049d7778b5ed728fc38333dfc158ec07aed8ee9bbc94c6c768640dae825e46,5300,2557383,2557383,0x2f12105a838d1767d39ceb8362c7691cda726c40,,1
0xcfb6206321176dbcc86ee1769f5c877ab33de99f08e5390e828551669d0ed841,0,0x8f11243fc050cbc5f20cc82f0e7a2d48a4cc525afc1de82e851de1fa5e291e59,5301,29099,29099,,,1
0x84fdd96bee60e4b3333022dfb8ad5ce4b34c146793d2ff81a6e2596c64e38c92,0,0x0b13e081ee6a9c2c64409ee5ee82303a86f1e16df4c3270dd5458878dd84914a,5302,126907,126907,0x93f40138e4b1515a81d76217fa0aab02d68b1c36,,1
0xff81b947d6b7ec0a96342e0e07891adf9b0421622c54fe947c127af58b8860d4,0,0xebe14aa437e8d3f0b844d382e3e25041128986799833225aa8fba8c43ee2c7c1,5303,43369,43369,,,1
0xf27c3191cb91f8f80aaca28589fc96e6000388e197f83a29021a78acdc53caf2,0,0x57be8189b220649a2d9366e6ec4d4601668899dd41a4d922e05dd58a918cf281,5304,1645106,1645106,,,1
0x40f8a20a2bdc73addbd6a505b4f20b7ba810e336c474e3e2565e59cba2ab75c1,0,0x71d748ae9b1087d10335814c594a6a269a43bb75fc968491a8c4d2d17e1f48c0,5305,952209,952209,,,1
0x11a617481ffa6b50ed3cdab414893c44c93e04d4c0a06f7d401229d7caff5485,0,0x2d845e5458e50f0fdc47e7f776fa39e3e6508a5cd022c178bf3dcde4222a6458,5326,964140,964140,0x6ca5685b5c7a8b1019f73a21b22cf6b6938bb013,,1
0x9c0423459bc4e77f50998a0816a9d474ab56fba3aff9235c38d6f8dafcc493d6,0,0xbe6096b50e477f992a735374b78d7d6e57b85ab7f006b50fa3dc246fcfb6f25d,5256,2628617,2628617,0x77621e697d7f5eedc2eee87a1423dd3f702aaa18,,1
0x5476fc4aaaa4d038ea2e041bc01db44559b8c7500e12212fc9b2a6517a6ced16,0,0x2612a99c4a802b25b38bf5aa764d43192f5bbc90da38b1f9cbebebffea87f372,5329,118907,118907,,,1
0x4f41e89529f106f86d3787524da9568cea2db4d2a4756398036da654011d0fc2,0,0x876164b04dc6e9b518291cedfc53914b6fbc1057da54b35fc2d0ca85bffac18f,5275,256619,256619,,,1
0x6f5f9c94446e1aebb3c14c171cd62b396eab989b6977779f9e5736d40685913a,0,0x1560d71b28f10071b386c5380415de1d4be78f8b08a6942b2dfab5255183f52a,5331,43745,43745,,,1
0xcb2c4f4e171a48a2013aa1a7fdb35e2e37158d4c7ac2e57d63827486693ad9d7,0,0x7483855552685c1001418975778e3973b88501c1d8c812b8d410037672e00f97,5807,29759,29759,,,1
0xcfef276b5251ad92ba6191960248356342f1494fb9b17263bc991f92dbe1f627,0,0x4c73b4c8af50ee1fc97394f2cf0e23b9521383fe968580c3d2879ef2d4cbc440,5813,550211,550211,,,1
0x439a175123c88247ded4ed347f609d2007e4c6bc3f158eb9e0a63f823c2b7f79,0,0x4b92104c0657512af258f77c4b78a5da2302670cbb4a2f1efa8d0df2c08d8d1c,5928,21000,21000,,,1
0x5240595cec70c39bce0c44263e385e569c9105408927cc953f65c5448dc12301,0,0x789ee3663ed0497dd328cab561ee877bb6a9941c9bdeaea79727cf391c784af0,5932,21000,21000,,,1
0x48a712fbb930f1d56f4557ff03ac70c43e900779d79a5c65fcf7c2bbc0e10e2c,0,0xd7e12bba3685de365f7eecea3b3f33b6d08bc692795e37b7bb1f15cc034865b4,6028,550211,550211,,,1
0x3b37e6fae4019effd6a177ef9dd90881dc25b4425f51c37e6919e347edbd891b,0,0x8c80059f228ddf2f2876434255aabcb25c00c25d2283d2b19b11a09ea7f8b001,6135,550211,550211,,,1
0x5b648e5fd00e8870324d20648ed626cf1bfe9fdc551971ae39786cfc1311a18a,0,0x14656b80ee5123be157434254708cb7c26827c3eb7cf8109692dca2b375831e2,6144,550211,550211,,,1
0x2ea82965061fc7e31d262dd4d5ae6537c3853b750e2b545868f1bdf07a3c903a,0,0x5b94f43513320046cbd7db5bcfec68ad687e2dbeb8ed2d2d359154776198d626,6060,550211,550211,,,1
0x65710647ea280fa8d1da4cfb45b047c9ba15010019f0e73e3487374ff00bf581,0,0x5afb6c88c636ac9c691d6bbacec9ff56a9e7b8791a2ba098179746c7da9cf5a5,6148,550211,550211,,,1
0xdcd42682354c5622741a57ee2163c0809801315673a2063e2d97e41fd5bd7cd8,0,0x612197045835c98185fd0ebc027b28684c3bf387003ccf20777168d1afd4e249,6068,550211,550211,,,1
0x6ec7f4aa187689f14b480e1aac37cb18812a2918ebd69c176f9d3d3ddb63c7d2,0,0x77386bacfb92e56a7b6bf49a174e61cad4d21637c0b3c953de1abe03e207596d,6083,550211,550211,,,1
